{
  "appleAppId": "1586018825",
  "brandColor": "#5448ee",
  "name": "Truth Social",
  "logo": "/instance/images/truth-logo.svg",
  "logoDarkMode": "/instance/images/truth-logo-dark.svg",
  "displayFqn": false,
  "exposableReactions": true,
  "verifiedIcon": "/instance/images/verified.svg",
  "verifiedCanEditName": true,
  "copyright": "©2022 TRUTH Social",
  "linkFooterMessage": "Proudly made in the United States of America. 🇺🇸",
  "extensions": {
    "pepe": {
      "enabled": true
    }
  },
  "colors": {
    "gray": {
      "50": "#f9fafb",
      "100": "#f3f4f6",
      "200": "#e5e7eb",
      "300": "#d1d5db",
      "400": "#9ca3af",
      "500": "#6b7280",
      "600": "#4b5563",
      "700": "#374151",
      "800": "#1f2937",
      "900": "#111827"
    },
    "primary": {
      "50": "#eef2ff",
      "100": "#e0e7ff",
      "200": "#c7d2fe",
      "300": "#a5b4fc",
      "400": "#818cf8",
      "500": "#6366f1",
      "600": "#5448ee",
      "700": "#4338ca",
      "800": "#3730a3",
      "900": "#312e81"
    },
    "success": {
      "50": "#f0fdf4",
      "100": "#dcfce7",
      "200": "#bbf7d0",
      "300": "#86efac",
      "400": "#4ade80",
      "500": "#22c55e",
      "600": "#16a34a",
      "700": "#15803d",
      "800": "#166534",
      "900": "#14532d"
    },
    "danger": {
      "50": "#fef2f2",
      "100": "#fee2e2",
      "200": "#fecaca",
      "300": "#fca5a5",
      "400": "#f87171",
      "500": "#ef4444",
      "600": "#dc2626",
      "700": "#b91c1c",
      "800": "#991b1b",
      "900": "#7f1d1d"
    },
    "accent": {
      "300": "#ff5f87",
      "500": "#ff4775"
    },
    "gradient-start": "#5448ee",
    "gradient-end": "#149cff",
    "sea-blue": "#2feecc"
  },
  "links": {
    "support": "mailto:support@truthsocial.com",
    "status": "https://truthsocial.statuspage.io",
    "help": "https://help.truthsocial.com"
  },
  "navlinks": {
    "homeFooter": [
      {
        "title": "TRUTH Mobile",
        "url": "/mobile"
      },
      {
        "title": "About Beta",
        "url": "/beta"
      },
      {
        "title": "Terms of Service",
        "url": "https://help.truthsocial.com/legal/terms-of-service"
      },
      {
        "title": "Privacy Policy",
        "url": "https://help.truthsocial.com/legal/privacy-policy"
      },
      {
        "title": "GDPR",
        "url": "https://help.truthsocial.com/legal/gdpr"
      },
      {
        "title": "CCPA Privacy Policy",
        "url": "https://help.truthsocial.com/legal/ccpa-privacy-policy"
      },
      {
        "title": "Open Source",
        "url": "https://help.truthsocial.com/open-source"
      }
    ]
  }
}
